RowId,ElementId,Action,Object,Value01,Value02,Value03,Value04
0.0,,Draw,CurveArray,,,,
0.1,,Draw,Line,"-10.00000000, 10.00000000, 0.00000000","-10.00000000, -10.00000000, 0.00000000",,
0.2,,Draw,Line,"-10.00000000, -10.00000000, 0.00000000","10.00000000, -10.00000000, 0.00000000",,
0.3,,Draw,Line,"10.00000000, -10.00000000, 0.00000000","10.00000000, 10.00000000, 0.00000000",,
0.4,,Draw,Line,"10.00000000, 10.00000000, 0.00000000","-10.00000000, 10.00000000, 0.00000000",,
0.5,326957,Add,Floor,,,,
1,,Modify,ParameterSet,altura,0.15,,
